{"cameraMode":{"drawMode":0,"name":"Shaded","section":"Shading Mode"},"sceneLighting":false,"audioPlay":false,"sceneViewState":{"m_AlwaysRefresh":false,"showFog":true,"showSkybox":false,"showFlares":true,"showImageEffects":true,"showParticleSystems":true,"showVisualEffectGraphs":true,"m_FxEnabled":true},"in2DMode":false,"pivot":{"x":-0.14735782146453858,"y":1.1447834968566895,"z":1.4668707847595215},"rotation":{"x":0.42007020115852358,"y":0.05575316399335861,"z":-0.025866743177175523,"w":0.9054108262062073},"size":7.10822057723999,"orthographic":false}