{"cameraMode":{"drawMode":0,"name":"Shaded","section":"Shading Mode"},"sceneLighting":false,"audioPlay":false,"sceneViewState":{"m_AlwaysRefresh":false,"showFog":true,"showSkybox":false,"showFlares":true,"showImageEffects":true,"showParticleSystems":true,"showVisualEffectGraphs":true,"m_FxEnabled":true},"in2DMode":false,"pivot":{"x":-0.15499147772789002,"y":0.4517718553543091,"z":-0.052278757095336917},"rotation":{"x":-0.4134479761123657,"y":-0.01584484428167343,"z":0.007194054778665304,"w":-0.9103582501411438},"size":1.3699935674667359,"orthographic":false}