{"cameraMode":{"drawMode":0,"name":"Shaded","section":"Shading Mode"},"sceneLighting":false,"audioPlay":false,"sceneViewState":{"m_AlwaysRefresh":false,"showFog":true,"showSkybox":false,"showFlares":true,"showImageEffects":true,"showParticleSystems":true,"showVisualEffectGraphs":true,"m_FxEnabled":true},"in2DMode":false,"pivot":{"x":1330.3089599609375,"y":1044.491455078125,"z":27.492876052856447},"rotation":{"x":-0.026859663426876069,"y":0.9718202352523804,"z":-0.18922853469848634,"w":-0.13795438408851624},"size":165.91978454589845,"orthographic":false}