{"cameraMode":{"drawMode":0,"name":"Shaded","section":"Shading Mode"},"sceneLighting":false,"audioPlay":false,"sceneViewState":{"m_AlwaysRefresh":false,"showFog":true,"showSkybox":false,"showFlares":true,"showImageEffects":true,"showParticleSystems":true,"showVisualEffectGraphs":true,"m_FxEnabled":true},"in2DMode":false,"pivot":{"x":0.46000003814697268,"y":0.5199999809265137,"z":3.0399999618530275},"rotation":{"x":0.13621149957180024,"y":0.10381956398487091,"z":-0.014354857616126538,"w":0.9851207137107849},"size":2.4107940196990969,"orthographic":false}