{"cameraMode":{"drawMode":0,"name":"Shaded","section":"Shading Mode"},"sceneLighting":false,"audioPlay":false,"sceneViewState":{"m_AlwaysRefresh":false,"showFog":true,"showSkybox":false,"showFlares":true,"showImageEffects":true,"showParticleSystems":true,"showVisualEffectGraphs":true,"m_FxEnabled":true},"in2DMode":false,"pivot":{"x":-0.0015437640249729157,"y":-0.0034130634739995004,"z":-0.006157650146633387},"rotation":{"x":0.20566518604755402,"y":-0.10564454644918442,"z":0.02238437905907631,"w":0.9726454615592957},"size":3.2682580947875978,"orthographic":false}