{"cameraMode":{"drawMode":0,"name":"Shaded","section":"Shading Mode"},"sceneLighting":false,"audioPlay":false,"sceneViewState":{"m_AlwaysRefresh":false,"showFog":true,"showSkybox":false,"showFlares":true,"showImageEffects":true,"showParticleSystems":true,"showVisualEffectGraphs":true,"m_FxEnabled":true},"in2DMode":false,"pivot":{"x":186.75924682617188,"y":397.05523681640627,"z":13.945075988769532},"rotation":{"x":0.27961674332618716,"y":0.4718189239501953,"z":-0.16071800887584687,"w":0.8205928206443787},"size":27.850189208984376,"orthographic":false}