{"cameraMode":{"drawMode":0,"name":"Shaded","section":"Shading Mode"},"sceneLighting":false,"audioPlay":false,"sceneViewState":{"m_AlwaysRefresh":false,"showFog":true,"showSkybox":false,"showFlares":true,"showImageEffects":true,"showParticleSystems":true,"showVisualEffectGraphs":true,"m_FxEnabled":true},"in2DMode":false,"pivot":{"x":187.66954040527345,"y":394.70257568359377,"z":-0.04960060119628906},"rotation":{"x":0.27379608154296877,"y":0.21674367785453797,"z":-0.06342832744121552,"w":0.9348986744880676},"size":19.676088333129884,"orthographic":false}