{"cameraMode":{"drawMode":0,"name":"Shaded","section":"Shading Mode"},"sceneLighting":true,"audioPlay":false,"sceneViewState":{"m_AlwaysRefresh":false,"showFog":true,"showSkybox":true,"showFlares":true,"showImageEffects":true,"showParticleSystems":true,"showVisualEffectGraphs":true,"m_FxEnabled":true},"in2DMode":false,"pivot":{"x":56.21275329589844,"y":-0.13359498977661134,"z":-9.39992904663086},"rotation":{"x":0.006762021221220493,"y":0.6862016916275024,"z":-0.7273511290550232,"w":0.006379454396665096},"size":7.748794078826904,"orthographic":true}