{"cameraMode":{"drawMode":0,"name":"Shaded","section":"Shading Mode"},"sceneLighting":true,"audioPlay":false,"sceneViewState":{"m_AlwaysRefresh":false,"showFog":true,"showSkybox":true,"showFlares":true,"showImageEffects":true,"showParticleSystems":true,"showVisualEffectGraphs":true,"m_FxEnabled":true},"in2DMode":false,"pivot":{"x":12.266526222229004,"y":-0.4285324215888977,"z":-0.09535837173461914},"rotation":{"x":-0.22546114027500153,"y":0.13885962963104249,"z":-0.03248705342411995,"w":-0.9637552499771118},"size":0.9642452597618103,"orthographic":false}