{"cameraMode":{"drawMode":0,"name":"Shaded","section":"Shading Mode"},"sceneLighting":true,"audioPlay":false,"sceneViewState":{"m_AlwaysRefresh":false,"showFog":true,"showSkybox":true,"showFlares":true,"showImageEffects":true,"showParticleSystems":true,"showVisualEffectGraphs":true,"m_FxEnabled":true},"in2DMode":false,"pivot":{"x":-1.8363313674926758,"y":4.772456169128418,"z":7.259120941162109},"rotation":{"x":0.15340332686901093,"y":0.41000083088874819,"z":-0.07016849517822266,"w":0.8963499069213867},"size":14.246869087219239,"orthographic":false}