{"cameraMode":{"drawMode":0,"name":"Shaded","section":"Shading Mode"},"sceneLighting":true,"audioPlay":false,"sceneViewState":{"m_AlwaysRefresh":false,"showFog":true,"showSkybox":true,"showFlares":true,"showImageEffects":true,"showParticleSystems":true,"showVisualEffectGraphs":true,"m_FxEnabled":true},"in2DMode":false,"pivot":{"x":56.21275329589844,"y":-0.13359498977661134,"z":-9.39992904663086},"rotation":{"x":-0.11047789454460144,"y":0.10326633602380753,"z":-0.011542752385139466,"w":-0.9884346127510071},"size":7.748794078826904,"orthographic":false}