{"cameraMode":{"drawMode":0,"name":"Shaded","section":"Shading Mode"},"sceneLighting":true,"audioPlay":false,"sceneViewState":{"m_AlwaysRefresh":false,"showFog":true,"showSkybox":true,"showFlares":true,"showImageEffects":true,"showParticleSystems":true,"showVisualEffectGraphs":true,"m_FxEnabled":true},"in2DMode":false,"pivot":{"x":0.6224247813224793,"y":0.9489319920539856,"z":0.861638069152832},"rotation":{"x":0.10117878019809723,"y":0.029841039329767228,"z":-0.0030360673554241659,"w":0.9944168329238892},"size":1.4768469333648682,"orthographic":false}