{"cameraMode":{"drawMode":0,"name":"Shaded","section":"Shading Mode"},"sceneLighting":true,"audioPlay":false,"sceneViewState":{"m_AlwaysRefresh":false,"showFog":true,"showSkybox":true,"showFlares":true,"showImageEffects":true,"showParticleSystems":true,"showVisualEffectGraphs":true,"m_FxEnabled":true},"in2DMode":false,"pivot":{"x":-6.306683540344238,"y":-0.2023944854736328,"z":10.882884979248047},"rotation":{"x":-0.19383978843688966,"y":-0.36311376094818118,"z":0.0775122120976448,"w":-0.9080580472946167},"size":1.8488495349884034,"orthographic":false}