{"cameraMode":{"drawMode":0,"name":"Shaded","section":"Shading Mode"},"sceneLighting":true,"audioPlay":false,"sceneViewState":{"m_AlwaysRefresh":false,"showFog":true,"showSkybox":true,"showFlares":true,"showImageEffects":true,"showParticleSystems":true,"showVisualEffectGraphs":true,"m_FxEnabled":true},"in2DMode":false,"pivot":{"x":0.3000001907348633,"y":2.009186267852783,"z":0.06253290176391602},"rotation":{"x":-0.09369593858718872,"y":-0.14226894080638886,"z":0.013529029674828053,"w":-0.9852907061576843},"size":6.035105228424072,"orthographic":false}