{"cameraMode":{"drawMode":0,"name":"Shaded","section":"Shading Mode"},"sceneLighting":false,"audioPlay":false,"sceneViewState":{"m_AlwaysRefresh":false,"showFog":true,"showSkybox":false,"showFlares":true,"showImageEffects":true,"showParticleSystems":true,"showVisualEffectGraphs":true,"m_FxEnabled":true},"in2DMode":false,"pivot":{"x":-0.7284970283508301,"y":0.3222529888153076,"z":2.0919978618621828},"rotation":{"x":-0.18529464304447175,"y":-0.5367190837860107,"z":0.12216950207948685,"w":-0.8140457272529602},"size":1.7379205226898194,"orthographic":false}