{"cameraMode":{"drawMode":0,"name":"Shaded","section":"Shading Mode"},"sceneLighting":false,"audioPlay":false,"sceneViewState":{"m_AlwaysRefresh":false,"showFog":true,"showSkybox":false,"showFlares":true,"showImageEffects":true,"showParticleSystems":true,"showVisualEffectGraphs":true,"m_FxEnabled":true},"in2DMode":false,"pivot":{"x":186.58978271484376,"y":398.30926513671877,"z":1.6193413734436036},"rotation":{"x":0.23226501047611237,"y":-0.08758431673049927,"z":0.02105114795267582,"w":0.9684715270996094},"size":8.66025447845459,"orthographic":false}