{"cameraMode":{"drawMode":0,"name":"Shaded","section":"Shading Mode"},"sceneLighting":false,"audioPlay":false,"sceneViewState":{"m_AlwaysRefresh":false,"showFog":true,"showSkybox":false,"showFlares":true,"showImageEffects":true,"showParticleSystems":true,"showVisualEffectGraphs":true,"m_FxEnabled":true},"in2DMode":false,"pivot":{"x":190.43922424316407,"y":396.4518737792969,"z":1.3047714233398438},"rotation":{"x":0.20566518604755402,"y":-0.10564454644918442,"z":0.02238437905907631,"w":0.9726454615592957},"size":12.247448921203614,"orthographic":false}