{"cameraMode":{"drawMode":0,"name":"Shaded","section":"Shading Mode"},"sceneLighting":false,"audioPlay":false,"sceneViewState":{"m_AlwaysRefresh":false,"showFog":true,"showSkybox":false,"showFlares":true,"showImageEffects":true,"showParticleSystems":true,"showVisualEffectGraphs":true,"m_FxEnabled":true},"in2DMode":false,"pivot":{"x":187.66954040527345,"y":394.70257568359377,"z":-0.049600377678871158},"rotation":{"x":0.23226501047611237,"y":-0.08758431673049927,"z":0.02105114795267582,"w":0.9684715270996094},"size":1.2247449159622193,"orthographic":false}