{"cameraMode":{"drawMode":0,"name":"Shaded","section":"Shading Mode"},"sceneLighting":false,"audioPlay":false,"sceneViewState":{"m_AlwaysRefresh":false,"showFog":true,"showSkybox":false,"showFlares":true,"showImageEffects":true,"showParticleSystems":true,"showVisualEffectGraphs":true,"m_FxEnabled":true},"in2DMode":false,"pivot":{"x":0.07081100344657898,"y":1.1324793100357056,"z":0.2003645896911621},"rotation":{"x":0.05153563618659973,"y":0.6896923780441284,"z":-0.04932628571987152,"w":0.7205801010131836},"size":0.5260553956031799,"orthographic":false}