{"cameraMode":{"drawMode":0,"name":"Shaded","section":"Shading Mode"},"sceneLighting":false,"audioPlay":false,"sceneViewState":{"m_AlwaysRefresh":false,"showFog":true,"showSkybox":false,"showFlares":true,"showImageEffects":true,"showParticleSystems":true,"showVisualEffectGraphs":true,"m_FxEnabled":true},"in2DMode":false,"pivot":{"x":0.09027377516031265,"y":0.10930170118808747,"z":-0.030036799609661104},"rotation":{"x":-0.11433804035186768,"y":-0.14342832565307618,"z":0.01668405532836914,"w":-0.9828893542289734},"size":0.14640697836875916,"orthographic":false}