{"cameraMode":{"drawMode":0,"name":"Shaded","section":"Shading Mode"},"sceneLighting":false,"audioPlay":false,"sceneViewState":{"m_AlwaysRefresh":false,"showFog":true,"showSkybox":false,"showFlares":true,"showImageEffects":true,"showParticleSystems":true,"showVisualEffectGraphs":true,"m_FxEnabled":true},"in2DMode":false,"pivot":{"x":152.7310791015625,"y":15.030960083007813,"z":-26.36883544921875},"rotation":{"x":0.23226501047611237,"y":-0.08758431673049927,"z":0.02105114795267582,"w":0.9684715270996094},"size":0.8660253882408142,"orthographic":false}