{"cameraMode":{"drawMode":0,"name":"Shaded","section":"Shading Mode"},"sceneLighting":false,"audioPlay":false,"sceneViewState":{"m_AlwaysRefresh":false,"showFog":true,"showSkybox":false,"showFlares":true,"showImageEffects":true,"showParticleSystems":true,"showVisualEffectGraphs":true,"m_FxEnabled":true},"in2DMode":false,"pivot":{"x":0.10613846778869629,"y":0.20059621334075929,"z":-0.6884198188781738},"rotation":{"x":0.021049579605460168,"y":0.9780558943748474,"z":-0.12389133870601654,"w":0.16617514193058015},"size":1.1512458324432374,"orthographic":false}