{"cameraMode":{"drawMode":0,"name":"Shaded","section":"Shading Mode"},"sceneLighting":false,"audioPlay":false,"sceneViewState":{"m_AlwaysRefresh":false,"showFog":true,"showSkybox":false,"showFlares":true,"showImageEffects":true,"showParticleSystems":true,"showVisualEffectGraphs":true,"m_FxEnabled":true},"in2DMode":false,"pivot":{"x":-0.4330552816390991,"y":1.581290364265442,"z":0.022714614868164064},"rotation":{"x":-0.05005885660648346,"y":-0.029957706108689309,"z":-0.0015020824503153563,"w":0.9982962012290955},"size":1.8890049457550049,"orthographic":false}