{"cameraMode":{"drawMode":0,"name":"Shaded","section":"Shading Mode"},"sceneLighting":true,"audioPlay":false,"sceneViewState":{"m_AlwaysRefresh":false,"showFog":true,"showSkybox":false,"showFlares":true,"showImageEffects":true,"showParticleSystems":true,"showVisualEffectGraphs":true,"m_FxEnabled":true},"in2DMode":false,"pivot":{"x":-0.01706761121749878,"y":0.37711143493652346,"z":0.04533863067626953},"rotation":{"x":0.09319090843200684,"y":0.7525758743286133,"z":-0.10912634432315827,"w":0.6426792740821838},"size":1.4352173805236817,"orthographic":false}