{"cameraMode":{"drawMode":0,"name":"Shaded","section":"Shading Mode"},"sceneLighting":false,"audioPlay":false,"sceneViewState":{"m_AlwaysRefresh":false,"showFog":true,"showSkybox":false,"showFlares":true,"showImageEffects":true,"showParticleSystems":true,"showVisualEffectGraphs":true,"m_FxEnabled":true},"in2DMode":false,"pivot":{"x":0.5329906940460205,"y":1.185888409614563,"z":1.8546836376190186},"rotation":{"x":0.05153563618659973,"y":0.6896923780441284,"z":-0.04932628571987152,"w":0.7205801010131836},"size":1.7723058462142945,"orthographic":false}